"SiteID","Date","bap","Families"
"41.14162_-74.16201","2012-08-01",6.3,"Aeshnidae,Chironomidae,Corydalidae,Elmidae,Gomphidae,Hydropsychidae,Leptophlebiidae,Leuctridae,OLIGOCHAETA,Perlidae,Philopotamidae,Psephenidae,Rhyacophilidae,Tipulidae"
"41.23038_-74.23191","2012-09-13",7.14,"Aeshnidae,Chironomidae,Chloroperlidae,Cordulegastridae,Corydalidae,Elmidae,Goeridae,Gomphidae,Heptageniidae,Hydropsychidae,Leuctridae,Odontoceridae,OLIGOCHAETA,Perlidae,Psephenidae,Psychomyiidae,Ptilodactylidae,Rhyacophilidae,Tabanidae,Tipulidae"
"41.236_-74.19875","2007-09-12",5.77,"Aeshnidae,Amphipoda,Asellidae,Baetidae,Cambaridae,Chironomidae,Corydalidae,Hydropsychidae,Perlidae,Philopotamidae,Psychomyiidae"
"41.24611_-73.66917","2005-07-06",6.43,"Chironomidae,Corydalidae,Elmidae,Gomphidae,Hydropsychidae,Isonychiidae,Leuctridae,OLIGOCHAETA,Perlidae,Philopotamidae,Psephenidae,Rhyacophilidae,Simuliidae"
"41.25583_-73.59879","2011-07-19",6.93,"Baetidae,Chironomidae,Chloroperlidae,Cordulegastridae,Corydalidae,Elmidae,Glossosomatidae,Gomphidae,Hydropsychidae,Lepidostomatidae,Leuctridae,Peltoperlidae,Perlidae,Philopotamidae,Rhyacophilidae,Tipulidae"
"41.28611_-73.765","2008-08-20",5.59,"Aeshnidae,Asellidae,Chironomidae,Elmidae,Empididae,Hirudinea,Hydropsychidae,OLIGOCHAETA,Philopotamidae,Psephenidae,Tipulidae"
"41.3225_-73.71361","2005-07-07",6.65,"Baetidae,Chironomidae,Corydalidae,Elmidae,Empididae,Glossosomatidae,Hydropsychidae,Leuctridae,OLIGOCHAETA,Perlidae,Philopotamidae,Psephenidae,Rhyacophilidae,Tipulidae,Turbellaria"
"41.33306_-73.76472","2008-08-20",6.51,"Baetidae,Cambaridae,Chironomidae,Corydalidae,Elmidae,Gomphidae,Heptageniidae,Hydropsychidae,Isonychiidae,Perlidae,Philopotamidae,Psephenidae"
"41.3348_-73.5581","2000-07-12",7.36,"Baetidae,Chironomidae,Elmidae,Empididae,Ephemerellidae,Glossosomatidae,Hydrophilidae,Hydropsychidae,Leuctridae,Limnephilidae,OLIGOCHAETA,Philopotamidae,Psephenidae,Simuliidae,Tabanidae,Tipulidae"
"41.36_-74.10806","2004-07-29",7.16,"Baetidae,Chironomidae,Corydalidae,Elmidae,Glossosomatidae,Gomphidae,Hydropsychidae,Leptoceridae,Leuctridae,OLIGOCHAETA,Perlidae,Philopotamidae,Psephenidae,Rhyacophilidae,Tipulidae"
"41.36033_-74.68762","2014-08-06",6.6,"Baetidae,Brachycentridae,Chironomidae,Elmidae,Ephemerellidae,Gomphidae,Helicopsychidae,Heptageniidae,Hydropsychidae,Leptoceridae,Perlidae,Simuliidae,Tipulidae"
"41.39889_-73.70222","2000-07-13",7.23,"Baetidae,Chironomidae,Elmidae,Glossosomatidae,Gomphidae,Hydropsychidae,Leuctridae,Limnephilidae,OLIGOCHAETA,Peltoperlidae,Perlidae,Philopotamidae,Physidae,Psephenidae,Ptilodactylidae,Rhyacophilidae"
"41.4_-74.08222","2004-07-29",6.7,"Athericidae,Chironomidae,Corydalidae,Elmidae,Glossosomatidae,Hydropsychidae,Hydroptilidae,Lepidostomatidae,Perlidae,Philopotamidae,Rhyacophilidae"
"41.40115_-74.359233","2012-08-20",7.1,"Athericidae,Baetidae,Cambaridae,Chironomidae,Ephemeridae,Heptageniidae,Isonychiidae,Perlidae,Psephenidae,Pteronarcidae,Tipulidae"
"41.4075_-74.07555","2004-07-29",6.51,"Baetidae,Brachycentridae,Chironomidae,Corydalidae,Elmidae,Glossosomatidae,Gomphidae,Heptageniidae,Hydropsychidae,Lepidostomatidae,Leuctridae,Philopotamidae,Psephenidae,Tipulidae"
"41.41806_-73.94639","2002-09-10",5.99,"Baetidae,Chironomidae,Elmidae,Ephemerellidae,Hydropsychidae,OLIGOCHAETA,Peltoperlidae,Perlidae,Philopotamidae,Psephenidae,Rhyacophilidae,Simuliidae"
"41.443981_-74.027293","2012-09-12",7,"Baetidae,Chironomidae,Corydalidae,Empididae,Helicopsychidae,Hydropsychidae,Hydroptilidae,Isonychiidae,Odontoceridae,OLIGOCHAETA,Perlidae,Philopotamidae,Psephenidae,Pteronarcidae,Tipulidae,Turbellaria"
"41.45444_-74.05028","2012-09-12",6.11,"Aeshnidae,Asellidae,Baetidae,Chironomidae,Empididae,Hydropsychidae,OLIGOCHAETA,Philopotamidae,Rhyacophilidae,Tipulidae"
"41.45972_-73.79305","2000-07-05",5.29,"Chironomidae,Elmidae,Empididae,Leptophlebiidae,OLIGOCHAETA,Perlodidae,Philopotamidae,Rhyacophilidae,Simuliidae,Tipulidae"
"41.465_-74.91666","2004-08-03",7.24,"Athericidae,Baetidae,Brachycentridae,Chironomidae,Elmidae,Heptageniidae,Hydropsychidae,Lepidostomatidae,Pelecypoda,Perlidae,Philopotamidae,Psephenidae,Rhyacophilidae"
"41.46761_-73.97578","2007-09-12",6.24,"Aeshnidae,Chironomidae,Chloroperlidae,Corydalidae,Elmidae,Ephemerellidae,Heptageniidae,Hydropsychidae,Leuctridae,Perlidae,Philopotamidae,Polycentropodidae,Psychomyiidae,Tipulidae"
"41.49333_-74.29389","2002-09-09",7.13,"Aeshnidae,Amphipoda,Asellidae,Baetidae,Chironomidae,Elmidae,Heptageniidae,Leptophlebiidae,Odontoceridae,OLIGOCHAETA,Physidae,Psephenidae,Sialidae"
"41.51167_-74.05556","2012-09-12",7.31,"Baetidae,Chironomidae,Corydalidae,Elmidae,Ephemerellidae,Heptageniidae,Hydropsychidae,Hydroptilidae,Isonychiidae,Perlidae,Philopotamidae"
"41.52305_-74.9331","2009-09-02",5.02,"Aeshnidae,Chironomidae,Coenagrionidae,Corydalidae,Elmidae,Hydropsychidae,Lymnaeidae,OLIGOCHAETA,Philopotamidae,Psephenidae,Simuliidae"
"41.57303_-74.92076","2014-08-06",5.05,"Aeshnidae,Baetidae,Chironomidae,Corydalidae,Elmidae,Empididae,Ephemerellidae,Hydropsychidae,Leuctridae,Simuliidae,Turbellaria"
"41.5789_-74.3959","2007-08-28",7.45,"Athericidae,Baetidae,Caenidae,Cambaridae,Chironomidae,Corydalidae,Elmidae,Hydropsychidae,Isonychiidae,Perlidae,Philopotamidae,Psephenidae,Tipulidae"
"41.622355_-74.065984","2012-09-24",6.72,"Aeshnidae,Amphipoda,Asellidae,Baetidae,Cambaridae,Chironomidae,Coenagrionidae,Elmidae,Heptageniidae,Hydropsychidae,Isonychiidae,Leptoceridae,Leptophlebiidae,Philopotamidae,Psephenidae,Sialidae,Simuliidae"
"41.62667_-74.6325","2004-08-03",7.15,"Aeshnidae,Chironomidae,Corydalidae,Elmidae,Glossosomatidae,Gomphidae,Leuctridae,OLIGOCHAETA,Peltoperlidae,Perlidae,Philopotamidae,Psephenidae,Rhyacophilidae,Simuliidae,Tipulidae"
"41.64389_-73.59142","2007-09-13",5.3,"Aeshnidae,Amphipoda,Baetidae,Chironomidae,Coenagrionidae,Gyrinidae,Haliplidae,Leptoceridae,OLIGOCHAETA,Pelecypoda,Physidae,Tabanidae"
"41.69573_-73.65932","2007-09-13",7.05,"Baetidae,Chironomidae,Chloroperlidae,Dixidae,Elmidae,Gomphidae,Heptageniidae,Hydropsychidae,Leuctridae,OLIGOCHAETA,Peltoperlidae,Perlidae,Perlodidae,Philopotamidae,Psephenidae,Simuliidae,Tipulidae"
"41.705_-75.06694","2015-09-03",7.33,"Ancylidae,Baetidae,Brachycentridae,Chironomidae,Elmidae,Ephemerellidae,Helicopsychidae,Heptageniidae,Hydropsychidae,Hydroptilidae,Isonychiidae,Pelecypoda,Simuliidae"
"41.7121_-74.2987","2008-07-01",5.1,"Aeshnidae,Chironomidae,Dytiscidae,Empididae,Hydropsychidae,Leuctridae,Nemouridae,Polycentropodidae,Rhyacophilidae,Simuliidae"
"41.71528_-73.57611","2008-07-17",5.56,"Athericidae,Baetidae,Elmidae,Glossosomatidae,Gomphidae,Isonychiidae,Philopotamidae,Psephenidae,Tipulidae"
"41.7596_-73.924","2002-09-11",5.73,"Aeshnidae,Chironomidae,Elmidae,Empididae,Glossosomatidae,Gomphidae,Hydropsychidae,Leuctridae,OLIGOCHAETA,Perlidae,Tabanidae,Tipulidae,Turbellaria"
"41.76833_-74.20084","2002-09-11",6.28,"Aeshnidae,Chironomidae,Corydalidae,Elmidae,Empididae,Ephemerellidae,Heptageniidae,Hydropsychidae,Leuctridae,Perlidae,Philopotamidae,Polycentropodidae,Simuliidae,Tipulidae"
"41.79083_-73.94278","1998-09-29",7.33,"Baetidae,Chironomidae,Elmidae,Ephemerellidae,Hydropsychidae,Isonychiidae,Limnephilidae,OLIGOCHAETA,Pelecypoda,Perlidae,Philopotamidae,Psephenidae,Rhyacophilidae,Simuliidae"
"41.79556_-73.93945","1995-09-13",7.46,"Baetidae,Caenidae,Chironomidae,Elmidae,Ephemerellidae,Heptageniidae,Hydropsychidae,Isonychiidae,Pelecypoda,Perlidae,Philopotamidae,Polycentropodidae,Psephenidae,Turbellaria"
"41.803707_-74.99499","2014-08-06",7.22,"Baetidae,Chironomidae,Ephemerellidae,Perlidae,Philopotamidae,Pteronarcidae,Simuliidae,Tipulidae"
"41.81805_-73.96445","2007-09-13",7.19,"Chironomidae,Corydalidae,Elmidae,Ephemerellidae,Heptageniidae,Hydropsychidae,Isonychiidae,OLIGOCHAETA,Perlidae,Philopotamidae,Simuliidae"
"41.82408_-73.50528","2007-09-13",6.74,"Athericidae,Caenidae,Chironomidae,Corydalidae,Elmidae,Ephemerellidae,Heptageniidae,Hydropsychidae,Isonychiidae,Perlidae,Philopotamidae,Tipulidae"
"41.87445_-74.57124","2011-07-20",7.12,"Chironomidae,Chloroperlidae,Elmidae,Ephemerellidae,Heptageniidae,Leuctridae,Nemouridae,Pelecypoda,Peltoperlidae,Philopotamidae,Pteronarcidae,Rhyacophilidae,Simuliidae,Tipulidae"
"41.877876_-73.807196","2012-09-11",7.06,"Brachycentridae,Chironomidae,Coenagrionidae,Corydalidae,Elmidae,Ephemerellidae,Hydropsychidae,Isonychiidae,Perlidae,Philopotamidae,Psephenidae,Tipulidae"
"41.89305_-74.58667","2006-09-28",7.06,"Baetidae,Brachycentridae,Chironomidae,Chloroperlidae,OLIGOCHAETA,Perlidae,Philopotamidae,Rhyacophilidae,Simuliidae,Tipulidae"
"41.89556_-73.70583","2002-09-17",6.95,"Baetidae,Caenidae,Chironomidae,Corydalidae,Elmidae,Ephemerellidae,Gomphidae,Heptageniidae,Isonychiidae,Perlidae,Philopotamidae,Psephenidae,Turbellaria"
"41.91821_-74.57311","2014-08-05",7.28,"Baetidae,Brachycentridae,Chironomidae,Elmidae,Empididae,Glossosomatidae,Heptageniidae,Hydropsychidae,Odontoceridae,Philopotamidae,Simuliidae,Tipulidae"
"41.98917_-75.12917","2000-09-20",6.44,"Baetidae,Brachycentridae,Chironomidae,Elmidae,Gomphidae,Heptageniidae,Hydropsychidae,Isonychiidae,Odontoceridae,OLIGOCHAETA,Perlidae"
"42.00747_-78.32759","2011-07-28",7.07,"Caenidae,Chironomidae,Elmidae,Ephemeridae,Glossosomatidae,Gyrinidae,Hydropsychidae,Isonychiidae,Leuctridae,Philopotamidae"
"42.00763_-77.84185","2014-07-03",6.86,"Baetidae,Chironomidae,Corydalidae,Elmidae,Ephemerellidae,Heptageniidae,Hydropsychidae,Isonychiidae,Leptophlebiidae,Leuctridae,Perlidae,Philopotamidae,Simuliidae"
"42.00833_-76.48083","2008-08-06",7.27,"Baetidae,Caenidae,Chironomidae,Elmidae,Empididae,Ephemerellidae,Heptageniidae,Hydropsychidae,Hydroptilidae,Leptophlebiidae,Polycentropodidae,Tipulidae"
"42.00861_-74.4275","2003-09-18",5.64,"Baetidae,Chironomidae,Chloroperlidae,Lepidostomatidae,OLIGOCHAETA,Perlodidae,Philopotamidae,Polycentropodidae,Rhyacophilidae,Tipulidae"
"42.01111_-74.41389","2014-08-05",6.99,"Chironomidae,Heptageniidae,Leuctridae,Nemouridae,Perlodidae,Polycentropodidae,Rhyacophilidae"
"42.01472_-76.89333","2012-07-31",5.62,"Baetidae,Caenidae,Chironomidae,Elmidae,Heptageniidae,Hydropsychidae,Isonychiidae,Leuctridae,Perlidae,Tipulidae"
"42.01625_-78.34212","2011-07-28",6.88,"Baetiscidae,Brachycentridae,Chironomidae,Elmidae,Gyrinidae,Hirudinea,Hydropsychidae,Isonychiidae,Philopotamidae,Polymitarcyidae,Simuliidae,Valvatidae"
"42.01972_-76.36195","2003-07-21",7.43,"Baetidae,Chironomidae,Elmidae,Ephemerellidae,Heptageniidae,Hydropsychidae,Isonychiidae,Perlidae,Polycentropodidae,Psephenidae,Simuliidae,Tipulidae"
"42.02447_-79.74737","2001-08-29",7.27,"Baetidae,Caenidae,Chironomidae,Elmidae,Ephemerellidae,Helicopsychidae,Heptageniidae,Hydropsychidae,Perlidae,Philopotamidae,Psephenidae,Tipulidae"
"42.025_-78.889","2011-07-27",6.43,"Athericidae,Chironomidae,Corydalidae,Elmidae,Ephemeridae,Heptageniidae,Hydropsychidae,Isonychiidae,Peltoperlidae,Perlodidae,Philopotamidae,Simuliidae,Tipulidae"
"42.02611_-78.62889","2006-09-12",6.75,"Aeshnidae,Baetidae,Chironomidae,Elmidae,Hydropsychidae,Isonychiidae,Perlidae,Simuliidae"
"42.04287_-78.32907","2007-08-08",7.1,"Athericidae,Caenidae,Chironomidae,Corydalidae,Elmidae,Ephemerellidae,Ephemeridae,Heptageniidae,Hydropsychidae,Isonychiidae,Psephenidae,Sialidae"
"42.04694_-74.27666","2010-08-17",7.49,"Baetidae,Chironomidae,Elmidae,Heptageniidae,Isonychiidae,Leuctridae,Peltoperlidae,Perlidae,Philopotamidae,Psephenidae,Pteronarcidae,Tipulidae"
"42.05207_-76.896727","2012-07-31",5.5,"Aeshnidae,Baetidae,Chironomidae,Elmidae,Hydropsychidae,OLIGOCHAETA,Perlidae,Philopotamidae,Physidae,Psephenidae,Tipulidae"
"42.05833_-78.64639","2006-09-12",7.44,"Aeshnidae,Baetidae,Cambaridae,Chironomidae,Corydalidae,Elmidae,Ephemerellidae,Glossosomatidae,Heptageniidae,Hydropsychidae,Isonychiidae,Leptophlebiidae,Tipulidae"
"42.059_-78.501","2011-07-27",7.38,"Aeshnidae,Chironomidae,Elmidae,Ephemerellidae,Heptageniidae,Hydropsychidae,Leptophlebiidae,Leuctridae,Limnephilidae,Perlidae,Polycentropodidae,Sialidae,Tipulidae"
"42.07269_-74.33533","2007-09-11",6.57,"Baetidae,Chironomidae,Elmidae,Heptageniidae,Hydropsychidae,Leuctridae,Perlidae,Pteronarcidae,Rhyacophilidae,Simuliidae"
"42.07352_-78.49503","2006-09-11",6.77,"Baetidae,Chironomidae,Elmidae,Gomphidae,Heptageniidae,Isonychiidae,Leptophlebiidae,Simuliidae,Tipulidae"
"42.07418_-79.48275","2006-09-13",7.41,"Caenidae,Chironomidae,Corydalidae,Elmidae,Gomphidae,Heptageniidae,Hydropsychidae,Isonychiidae,OLIGOCHAETA,Perlidae,Philopotamidae,Psephenidae,Simuliidae,Tipulidae"
"42.08861_-78.36444","2006-09-11",6.48,"Athericidae,Chironomidae,Corydalidae,Elmidae,Gomphidae,Hydropsychidae,Hydroptilidae,Isonychiidae,Perlidae,Philopotamidae,Psephenidae,Tipulidae"
"42.09222_-74.33601","2010-08-18",7.46,"Baetidae,Brachycentridae,Chironomidae,Ephemerellidae,Heptageniidae,Isonychiidae,Leuctridae,OLIGOCHAETA,Perlidae,Turbellaria"
"42.09648_-76.757103","2012-07-31",6.91,"Athericidae,Baetidae,Chironomidae,Elmidae,Heptageniidae,Leptophlebiidae,Leuctridae,Lymnaeidae,OLIGOCHAETA,Perlidae,Philopotamidae,Psephenidae,Tipulidae"
"42.1276_-76.2704","1998-09-16",7.26,"Caenidae,Chironomidae,Elmidae,Ephemerellidae,Heptageniidae,Hydropsychidae,Isonychiidae,Leptophlebiidae,Philopotamidae,Tipulidae,Turbellaria"
"42.137149_-77.41234","2013-09-10",7.07,"Athericidae,Baetidae,Chironomidae,Coenagrionidae,Elmidae,Ephemeridae,Gomphidae,Heptageniidae,Hydropsychidae,Isonychiidae,Leptoceridae,Philopotamidae,Psephenidae,Tipulidae"
"42.13778_-73.53194","1997-09-17",7.37,"Baetidae,Chironomidae,Corydalidae,Elmidae,Empididae,Helicopsychidae,Heptageniidae,Perlodidae,Philopotamidae,Psephenidae,Rhyacophilidae,Tipulidae"
"42.13804_-77.32453","2007-08-01",6.82,"Baetidae,Caenidae,Chironomidae,Elmidae,Empididae,Glossosomatidae,Gomphidae,Hydropsychidae,Isonychiidae,Polycentropodidae,Tipulidae,Turbellaria"
"42.14167_-76.29472","2014-07-30",7.09,"Baetidae,Caenidae,Chironomidae,Corydalidae,Elmidae,Ephemerellidae,Heptageniidae,Hydropsychidae,Isonychiidae,OLIGOCHAETA,Perlidae,Philopotamidae,Polymitarcyidae,Simuliidae"
"42.152847_-76.33196","2013-07-24",6.71,"Baetidae,Cambaridae,Chironomidae,Chloroperlidae,Gomphidae,Hydropsychidae,Leuctridae,Peltoperlidae,Perlodidae,Polycentropodidae,Tipulidae"
"42.1587_-77.05453","2013-09-09",6.38,"Athericidae,Baetidae,Caenidae,Chironomidae,Elmidae,Ephemerellidae,Heptageniidae,Hydropsychidae,Isonychiidae,Psephenidae"
"42.16222_-78.77361","2006-09-12",6.53,"Baetidae,Chironomidae,Elmidae,Heptageniidae,Isonychiidae,Leptophlebiidae,Perlidae,Philopotamidae,Psephenidae,Simuliidae,Tipulidae"
"42.178037_-77.916562","2014-07-03",6.91,"Baetidae,Chironomidae,Elmidae,Ephemerellidae,Gomphidae,Hydropsychidae,Leptohyphidae,Leptophlebiidae,Leuctridae,Odontoceridae,Philopotamidae,Polycentropodidae,Psephenidae,Tipulidae"
"42.19767_-75.82507","2014-07-29",6.27,"Athericidae,Baetidae,Chironomidae,Elmidae,Ephemerellidae,Glossosomatidae,Hydropsychidae,Isonychiidae,Philopotamidae,Tipulidae"
"42.19788_-76.2426","2008-08-05",6.4,"Athericidae,Baetidae,Chironomidae,Elmidae,Empididae,Ephemerellidae,Gomphidae,Helicopsychidae,Heptageniidae,Hydropsychidae,Isonychiidae,Psephenidae,Tipulidae"
"42.2067_-74.2075","2008-07-15",7.3,"Baetidae,Chironomidae,Empididae,Heptageniidae,Hydropsychidae,Isonychiidae,Leuctridae,Perlidae,Perlodidae,Philopotamidae,Polycentropodidae,Tipulidae"
"42.20678_-77.1642","2012-08-01",7.35,"Baetidae,Brachycentridae,Chironomidae,Corydalidae,Elmidae,Ephemerellidae,Gomphidae,Hydropsychidae,Isonychiidae,Pelecypoda,Philopotamidae,Psephenidae"
"42.20917_-74.97417","2014-08-07",6.85,"Baetidae,Brachycentridae,Chironomidae,Elmidae,Ephemerellidae,Heptageniidae,Hydropsychidae,Isonychiidae,Perlidae,Simuliidae,Turbellaria"
"42.21111_-79.59805","2005-09-13",6,"Athericidae,Chironomidae,Elmidae,Gomphidae,Heptageniidae,Hydropsychidae,Isonychiidae,Philopotamidae,Polycentropodidae,Psephenidae,Psychomyiidae,Tipulidae"
"42.21393_-76.43542","2008-08-06",7.2,"Aeshnidae,Amphipoda,Athericidae,Baetidae,Caenidae,Chironomidae,Corydalidae,Elmidae,Hydropsychidae,Leptohyphidae,Odontoceridae,OLIGOCHAETA,Pelecypoda,Polycentropodidae,Psephenidae,Sialidae"
"42.22087_-79.053452","2012-07-18",7.29,"Athericidae,Baetidae,Chironomidae,Elmidae,Heptageniidae,Leptohyphidae,Leptophlebiidae,Leuctridae,Perlidae,Philopotamidae,Tipulidae"
"42.22197_-77.61391","2008-07-21",5.07,"Athericidae,Caenidae,Chironomidae,Elmidae,Empididae,Gomphidae,Hydropsychidae,Leptohyphidae,Leuctridae,Perlidae,Tabanidae,Tipulidae"
"42.22302_-77.8727","2009-07-28",7.45,"Baetidae,Chironomidae,Elmidae,Gomphidae,Heptageniidae,Hydropsychidae,Leptophlebiidae,Leuctridae,Odontoceridae,Psephenidae,Pteronarcidae,Tipulidae"
"42.22472_-76.0675","2003-07-22",7.24,"Aeshnidae,Baetidae,Chironomidae,Elmidae,Gomphidae,Heptageniidae,Hydropsychidae,Leptohyphidae,Leptophlebiidae,Physidae,Polycentropodidae,Simuliidae"
"42.22667_-78.63055","2006-09-12",7.28,"Baetidae,Chironomidae,Elmidae,Ephemerellidae,Heptageniidae,Isonychiidae,Leptophlebiidae,Philopotamidae,Polycentropodidae,Psephenidae,Tipulidae,Turbellaria"
"42.23089_-76.96214","2002-07-30",6.34,"Athericidae,Chironomidae,Corydalidae,Elmidae,Ephemerellidae,Gomphidae,Hydropsychidae,Leptohyphidae,OLIGOCHAETA,Philopotamidae,Psephenidae,Simuliidae,Tipulidae"
"42.238467_-73.855017","2012-09-13",6.84,"Aeshnidae,Amphipoda,Asellidae,Baetidae,Calopterygidae,Chironomidae,Corydalidae,Elmidae,Gomphidae,Hydropsychidae,Leptophlebiidae,Leuctridae,Philopotamidae,Polycentropodidae,Psephenidae,Sialidae,Simuliidae,Tipulidae,Turbellaria"
"42.253707_-75.891658","2013-07-24",6.55,"Cambaridae,Chironomidae,Chloroperlidae,Cordulegastridae,Gomphidae,Hydropsychidae,Lepidostomatidae,Limnephilidae,OLIGOCHAETA,Peltoperlidae,Perlodidae,Philopotamidae,Tipulidae"
"42.257019_-74.771709","2015-08-25",7.49,"Baetidae,Chironomidae,Chloroperlidae,Corydalidae,Elmidae,Ephemerellidae,Heptageniidae,Hydropsychidae,Leuctridae,Pelecypoda,Peltoperlidae,Perlidae,Philopotamidae,Polycentropodidae,Psephenidae,Rhyacophilidae,Tipulidae"
"42.25908_-77.60856","2008-09-04",7.36,"Athericidae,Caenidae,Chironomidae,Elmidae,Ephemeridae,Gomphidae,Helicopsychidae,Hydrophilidae,Hydropsychidae,Leptohyphidae,Philopotamidae,Psephenidae,Tipulidae"
"42.2993_-74.8929","1999-09-30",6.72,"Cambaridae,Chironomidae,Elmidae,Ephemerellidae,Heptageniidae,Hydropsychidae,Lepidostomatidae,Leptophlebiidae,Leuctridae,Odontoceridae,OLIGOCHAETA,Psephenidae,Tipulidae"
"42.3025_-74.00278","2007-09-11",7.26,"Aeshnidae,Athericidae,Chironomidae,Coenagrionidae,Corydalidae,Helicopsychidae,Hydroptilidae,Isonychiidae,Leptoceridae,Leptohyphidae,Odontoceridae,OLIGOCHAETA,Perlidae,Physidae,Polycentropodidae,Psephenidae,Rhyacophilidae,Tipulidae"
"42.30984_-77.27766","2012-08-01",7.41,"Caenidae,Chironomidae,Elmidae,Empididae,Ephemerellidae,Gomphidae,Heptageniidae,Hydropsychidae,Isonychiidae,Perlidae,Philopotamidae,Psephenidae,Tipulidae"
"42.3124_-77.28228","2004-07-09",6.72,"Baetidae,Caenidae,Chironomidae,Elmidae,Ephemerellidae,Heptageniidae,Hydropsychidae,OLIGOCHAETA,Perlidae,Psephenidae,Psychomyiidae"
"42.31389_-73.98361","1997-08-07",7.37,"Baetidae,Chironomidae,Elmidae,Ephemerellidae,Heptageniidae,Hydroptilidae,Lepidostomatidae,Philopotamidae,Tipulidae"
"42.32108_-75.71013","2013-07-23",7.28,"Baetidae,Chironomidae,Chloroperlidae,Corydalidae,Elmidae,Heptageniidae,Hydropsychidae,Isonychiidae,Lepidostomatidae,Leuctridae,OLIGOCHAETA,Philopotamidae,Psephenidae,Tipulidae"
"42.32123_-78.46473","2011-07-27",7.24,"Athericidae,Baetidae,Caenidae,Chironomidae,Elmidae,Hydropsychidae,Leptohyphidae,Leuctridae,Perlidae,Philopotamidae,Psephenidae,Tipulidae"
"42.32424_-77.638653","2012-08-01",6.09,"Baetidae,Chironomidae,Elmidae,Empididae,Hydropsychidae,Isonychiidae,Leptohyphidae,Leptophlebiidae,Leuctridae,Perlidae,Psephenidae,Simuliidae,Tipulidae"
"42.330805_-78.721633","2015-08-05",6.92,"Baetidae,Caenidae,Chironomidae,Elmidae,Ephemerellidae,Heptageniidae,Leptophlebiidae,Leuctridae,OLIGOCHAETA,Perlidae,Simuliidae,Tipulidae"
"42.33468_-78.09797","2014-07-02",7.37,"Athericidae,Baetidae,Chironomidae,Chloroperlidae,Elmidae,Heptageniidae,Leptophlebiidae,Perlidae,Polycentropodidae,Psephenidae,Tipulidae"
"42.34222_-78.45472","2006-09-11",7.17,"Baetidae,Chironomidae,Chloroperlidae,Elmidae,Glossosomatidae,Gomphidae,Heptageniidae,Hydropsychidae,Leptophlebiidae,OLIGOCHAETA,Perlidae,Philopotamidae,Psephenidae,Simuliidae,Tipulidae,Turbellaria"
"42.34366_-75.43124","2008-08-06",7.35,"Baetidae,Chironomidae,Chloroperlidae,Corydalidae,Elmidae,Heptageniidae,Hydropsychidae,Isonychiidae,Leuctridae,Odontoceridae,OLIGOCHAETA,Perlidae,Philopotamidae,Ptilodactylidae,Sialidae,Tabanidae,Tipulidae"
"42.35019_-76.5478","2011-09-01",7.35,"Baetidae,Chironomidae,Chloroperlidae,Heptageniidae,Hydropsychidae,Leuctridae,OLIGOCHAETA,Perlodidae,Philopotamidae,Rhyacophilidae,Simuliidae,Tipulidae"
"42.352743_-79.311802","2011-07-26",6.52,"Aeshnidae,Amphipoda,Asellidae,Chironomidae,Elmidae,Heptageniidae,Hydropsychidae,Leptophlebiidae,Leuctridae,OLIGOCHAETA,Philopotamidae,Simuliidae,Tipulidae"
"42.3529_-74.46772","2015-09-09",6.75,"Ancylidae,Athericidae,Baetidae,Chironomidae,Elmidae,Ephemerellidae,Heptageniidae,Hydropsychidae,Leptophlebiidae,Pelecypoda,Perlidae,Philopotamidae,Psephenidae"
"42.35528_-76.005","2003-07-22",6.72,"Caenidae,Chironomidae,Elmidae,Heptageniidae,Isonychiidae,Odontoceridae,Perlidae,Psephenidae,Tipulidae"
"42.365518_-79.424251","2015-08-05",7.32,"Baetidae,Cambaridae,Chironomidae,Elmidae,Gomphidae,Hydropsychidae,Leuctridae,Nemouridae,OLIGOCHAETA,Pelecypoda,Perlidae,Philopotamidae,Psephenidae,Ptilodactylidae,Rhyacophilidae,Simuliidae,Tipulidae"
"42.36982_-77.36546","2012-08-01",5.62,"Baetidae,Brachycentridae,Chironomidae,Elmidae,Heptageniidae,Hydropsychidae,Leptohyphidae,Leptophlebiidae,OLIGOCHAETA,Perlidae,Psephenidae"
"42.38255_-78.25356","2014-07-02",7.49,"Aeshnidae,Athericidae,Baetidae,Caenidae,Chironomidae,Elmidae,Gomphidae,Gyrinidae,Heptageniidae,Hirudinea,Hydrophilidae,Hydropsychidae,Isonychiidae,OLIGOCHAETA,Perlodidae,Psephenidae,Simuliidae,Tipulidae"
"42.382962_-73.942571","2012-09-11",7.44,"Athericidae,Baetidae,Chironomidae,Elmidae,Ephemerellidae,Gomphidae,Hydropsychidae,Isonychiidae,Philopotamidae"
"42.39498_-77.25758","2006-07-25",7.26,"Baetidae,Chironomidae,Elmidae,Heptageniidae,Hydroptilidae,Isonychiidae,Leptophlebiidae,Perlidae,Polycentropodidae,Simuliidae,Tipulidae"
"42.40326_-79.30453","2015-08-05",7.01,"Athericidae,Baetidae,Chironomidae,Elmidae,Empididae,Gomphidae,Hydropsychidae,Leptophlebiidae,Nemouridae,Perlidae,Pteronarcidae,Simuliidae,Tipulidae"
"42.429901_-74.397003","2015-09-09",5.98,"Baetidae,Brachycentridae,Chironomidae,Chloroperlidae,Elmidae,Ephemerellidae,Heptageniidae,Hydropsychidae,Perlidae,Philopotamidae,Psephenidae,Tipulidae"
"42.43459_-77.43954","2004-07-08",6.6,"Baetidae,Chironomidae,Elmidae,Ephemerellidae,Ephemeridae,Isonychiidae,Leuctridae,OLIGOCHAETA,Philopotamidae,Psephenidae,Tabanidae,Tipulidae"
"42.44417_-74.96139","2003-07-21",7.37,"Baetidae,Brachycentridae,Chironomidae,Elmidae,Ephemerellidae,Heptageniidae,Isonychiidae,OLIGOCHAETA,Perlidae,Psephenidae,Tipulidae"
"42.483_-76.7","2012-08-08",7.26,"Chironomidae,Elmidae,Helicopsychidae,Heptageniidae,Hydropsychidae,Isonychiidae,Leptohyphidae,Odontoceridae,OLIGOCHAETA,Perlidae,Psephenidae,Rhyacophilidae,Sialidae,Tabanidae,Tipulidae,Turbellaria"
"42.48472_-76.2925","2005-07-26",7.34,"Athericidae,Baetidae,Caenidae,Chironomidae,Elmidae,Empididae,Helicopsychidae,Hydropsychidae,Leptophlebiidae,Leuctridae,OLIGOCHAETA,Perlidae,Philopotamidae,Psephenidae,Rhyacophilidae,Tipulidae"
"42.48556_-74.96944","2014-07-30",6.86,"Baetidae,Caenidae,Chironomidae,Elmidae,Ephemerellidae,Goeridae,Isonychiidae,OLIGOCHAETA,Perlidae,Philopotamidae,Psephenidae,Tipulidae"
"42.48849_-78.48647","2015-08-06",7.43,"Athericidae,Baetidae,Chironomidae,Elmidae,Ephemerellidae,Heptageniidae,Leuctridae,Perlidae,Philopotamidae,Rhyacophilidae,Simuliidae,Tipulidae"
"42.49389_-76.31333","2005-07-26",5.68,"Athericidae,Baetidae,Caenidae,Chironomidae,Corydalidae,Elmidae,Ephemerellidae,Gyrinidae,Heptageniidae,Hydropsychidae,Perlidae,Psephenidae,Tipulidae"
"42.5001_-78.06838","1999-08-11",7.3,"Aeshnidae,Baetidae,Chironomidae,Elmidae,Empididae,Ephemerellidae,Ephemeridae,Heptageniidae,Hydropsychidae,Isonychiidae,Philopotamidae,Rhyacophilidae"
"42.51183_-79.0433","2005-09-13",6.51,"Baetidae,Chironomidae,Elmidae,Ephemerellidae,Heptageniidae,Hydropsychidae,Perlidae,Philopotamidae,Polycentropodidae,Psephenidae,Simuliidae,Tipulidae"
"42.512143_-79.22314","2015-08-05",5.44,"Aeshnidae,Baetidae,Cambaridae,Chironomidae,Elmidae,Hydropsychidae,Philopotamidae,Simuliidae,Tipulidae"
"42.51417_-74.13556","1997-08-05",5.79,"Baetidae,Chironomidae,Corydalidae,Elmidae,Empididae,Heptageniidae,Leptophlebiidae,Perlidae,Philopotamidae,Psephenidae,Rhyacophilidae,Tipulidae,Turbellaria"
"42.535963_-74.813022","2013-07-23",6.81,"Baetidae,Chironomidae,Empididae,Glossosomatidae,Heptageniidae,Hydrophilidae,Hydropsychidae,Leptophlebiidae,Lymnaeidae,OLIGOCHAETA,Perlodidae,Philopotamidae,Tipulidae"
"42.53924_-78.09739","2015-07-28",6.85,"Baetidae,Caenidae,Chironomidae,Elmidae,Hydropsychidae,Leptohyphidae,Odontoceridae,Perlidae,Psephenidae,Simuliidae,Tipulidae"
"42.53972_-73.87278","1998-08-06",7.09,"Baetidae,Chironomidae,Corydalidae,Ephemerellidae,Heptageniidae,Hydropsychidae,Perlidae,Philopotamidae,Polycentropodidae,Simuliidae,Tipulidae"
"42.5402_-73.7187","2002-09-18",7.4,"Baetidae,Chironomidae,Chloroperlidae,Elmidae,Empididae,Ephemerellidae,Heptageniidae,Hydropsychidae,Isonychiidae,Philopotamidae,Simuliidae,Tipulidae"
"42.54415_-74.41245","2015-09-09",6.66,"Baetidae,Chironomidae,Elmidae,Ephemerellidae,Helicopsychidae,Hydropsychidae,Isonychiidae,Perlidae,Philopotamidae,Polycentropodidae,Psephenidae,Tipulidae"
"42.59148_-73.42027","2012-09-11",6.78,"Brachycentridae,Calopterygidae,Chironomidae,Corydalidae,Elmidae,Ephemerellidae,Hydropsychidae,Lepidostomatidae,Leuctridae,OLIGOCHAETA,Peltoperlidae,Philopotamidae,Rhyacophilidae,Tipulidae"
"42.6174_-76.7185","2011-09-01",5.97,"Aeshnidae,Baetidae,Chironomidae,Elmidae,Hydropsychidae,OLIGOCHAETA,Philopotamidae,Polycentropodidae,Psephenidae,Sialidae,Tipulidae,Turbellaria"
"42.62761_-77.15871","2006-07-25",7.37,"Aeshnidae,Ancylidae,Baetidae,Chironomidae,Chloroperlidae,Corydalidae,Elmidae,Empididae,Gomphidae,Hydropsychidae,OLIGOCHAETA,Perlidae,Psephenidae,Simuliidae,Tipulidae"
"42.631802_-78.439301","2015-08-06",6.7,"Athericidae,Baetidae,Chironomidae,Corydalidae,Elmidae,Ephemeridae,Gomphidae,Isonychiidae,Leptohyphidae,Leuctridae,Philopotamidae,Psephenidae,Rhyacophilidae,Tipulidae"
"42.6325_-74.88277","2007-07-25",7.38,"Athericidae,Baetidae,Caenidae,Chironomidae,Corydalidae,Elmidae,Ephemerellidae,Heptageniidae,Hydropsychidae,Isonychiidae,Perlidae,Philopotamidae,Psephenidae"
"42.63472_-73.72","2008-07-10",5.84,"Aeshnidae,Athericidae,Baetidae,Chironomidae,Corydalidae,Elmidae,Hydropsychidae,Psychomyiidae"
"42.635_-74.18528","2015-08-20",6.97,"Athericidae,Baetidae,Corydalidae,Elmidae,Heptageniidae,Hydropsychidae,Isonychiidae,Perlidae,Philopotamidae,Psychomyiidae"
"42.64444_-73.73583","2005-07-12",5.54,"Aeshnidae,Amphipoda,Athericidae,Baetidae,Chironomidae,Elmidae,Hydropsychidae,OLIGOCHAETA,Psephenidae,Sialidae,Simuliidae,Tipulidae"
"42.64528_-73.59528","2001-07-05",6.83,"Athericidae,Baetidae,Chironomidae,Elmidae,Ephemerellidae,Glossosomatidae,Heptageniidae,Hydropsychidae,OLIGOCHAETA,Perlidae,Philopotamidae,Psephenidae,Simuliidae,Tipulidae"
"42.655647_-73.91748","2012-09-12",7.28,"Athericidae,Baetidae,Chironomidae,Elmidae,Heptageniidae,Hydropsychidae,Leptophlebiidae,Perlidae,Philopotamidae,Psephenidae,Rhyacophilidae,Simuliidae,Tipulidae"
"42.65569_-77.48252","2014-07-02",7.24,"Aeshnidae,Baetidae,Cambaridae,Chironomidae,Elmidae,Heptageniidae,Hydrophilidae,Hydropsychidae,Isonychiidae,Leuctridae,Perlidae,Philopotamidae,Polycentropodidae,Psephenidae,Rhyacophilidae,Simuliidae,Tipulidae"
"42.65778_-73.61195","2001-07-05",6.82,"Ancylidae,Baetidae,Chironomidae,Elmidae,Empididae,Glossosomatidae,Heptageniidae,Hydropsychidae,Perlidae,Philopotamidae,Rhyacophilidae"
"42.66729_-77.73054","2014-07-02",7.06,"Aeshnidae,Baetidae,Cambaridae,Chironomidae,Dytiscidae,Elmidae,Goeridae,Heptageniidae,Hydropsychidae,Leptophlebiidae,Leuctridae,OLIGOCHAETA,Psephenidae,Sialidae,Tipulidae"
"42.68139_-74.48944","2005-08-16",7.26,"Baetidae,Chironomidae,Elmidae,Ephemerellidae,Hydropsychidae,Leuctridae,Perlidae,Philopotamidae,Psephenidae,Rhyacophilidae,Tipulidae"
"42.68222_-76.22305","1999-09-13",6.77,"Baetidae,Brachycentridae,Chironomidae,Elmidae,Empididae,Ephemerellidae,Hydropsychidae,Leptophlebiidae,Leuctridae,OLIGOCHAETA,Philopotamidae,Tipulidae,Turbellaria"
"42.68555_-73.90166","2008-07-16",5.72,"Aeshnidae,Amphipoda,Asellidae,Baetidae,Chironomidae,Elmidae,Hydropsychidae,Leuctridae,Tipulidae"
"42.68806_-73.48917","2013-07-19",6.78,"Aeshnidae,Athericidae,Chironomidae,Corydalidae,Elmidae,Heptageniidae,Hydropsychidae,Lepidostomatidae,Leuctridae,OLIGOCHAETA,Peltoperlidae,Perlidae,Philopotamidae,Rhyacophilidae,Tipulidae"
"42.69083_-75.50389","1997-09-09",7.41,"Baetidae,Capniidae,Chironomidae,Elmidae,Empididae,Ephemerellidae,Heptageniidae,Hydropsychidae,Leptophlebiidae,Perlidae,Philopotamidae,Tipulidae"
"42.691985_-75.313639","2012-08-15",7.16,"Baetidae,Caenidae,Chironomidae,Elmidae,Ephemerellidae,Heptageniidae,Hydropsychidae,Isonychiidae,Perlidae,Philopotamidae"
"42.7_-76.865","2011-09-01",6.8,"Baetidae,Chironomidae,Chloroperlidae,Corydalidae,Elmidae,Ephemerellidae,Heptageniidae,Hydropsychidae,Leuctridae,Philopotamidae,Psephenidae,Sialidae,Tipulidae"
"42.71056_-75.99361","2003-07-21",6.45,"Athericidae,Baetidae,Caenidae,Cambaridae,Chironomidae,Chloroperlidae,Elmidae,Ephemerellidae,Gyrinidae,Heptageniidae,Psephenidae,Tipulidae"
"42.72271_-77.50155","2015-07-29",6.7,"Baetidae,Chironomidae,Chloroperlidae,Elmidae,Heptageniidae,Leptophlebiidae,Leuctridae,Perlidae,Perlodidae,Philopotamidae,Simuliidae"
"42.733_-76.561","2011-09-01",5.87,"Aeshnidae,Amphipoda,Baetidae,Calopterygidae,Chironomidae,Dryopidae,Elmidae,Heptageniidae,Hydropsychidae,Leptohyphidae,Physidae,Psephenidae,Tabanidae,Tipulidae"
"42.7332_-75.5839","2008-08-05",7.04,"Athericidae,Baetidae,Chironomidae,Elmidae,Gomphidae,Hydropsychidae,Isonychiidae,Odontoceridae,Philopotamidae,Psephenidae,Tipulidae,Turbellaria"
"42.73579_-77.4237","2011-09-20",5.1,"Chloroperlidae,Gomphidae,Heptageniidae,Hydropsychidae,Peltoperlidae,Perlodidae,Philopotamidae,Tipulidae"
"42.73722_-76.40056","2001-09-11",7.47,"Baetidae,Chironomidae,Elmidae,Ephemerellidae,Hydropsychidae,Isonychiidae,Leptohyphidae,Leptophlebiidae,Lymnaeidae,Odontoceridae,Perlidae,Philopotamidae,Psephenidae,Simuliidae,Tipulidae"
"42.74445_-75.7375","1997-09-10",7.1,"Athericidae,Baetidae,Chironomidae,Elmidae,Ephemerellidae,Gomphidae,Heptageniidae,Hydropsychidae,Philopotamidae,Psephenidae,Rhyacophilidae,Tipulidae,Turbellaria"
"42.74667_-76.91917","2006-07-26",7.08,"Aeshnidae,Amphipoda,Baetidae,Capniidae,Chironomidae,Chironomus,Elmidae,Heptageniidae,Hydropsychidae,OLIGOCHAETA,Psephenidae,Tipulidae,Turbellaria"
"42.76103_-78.81193","2011-07-26",5.16,"Aeshnidae,Asellidae,Baetidae,Chironomidae,Elmidae,Hydropsychidae,OLIGOCHAETA,Sialidae,Tipulidae"
"42.76912_-75.73575","2008-08-05",6.97,"Baetidae,Caenidae,Chironomidae,Elmidae,Heptageniidae,Hydropsychidae,Isonychiidae,Leptophlebiidae,Psephenidae,Tipulidae"
"42.77726_-77.85951","1996-08-21",7.08,"Caenidae,Chironomidae,Elmidae,Empididae,Gomphidae,Heptageniidae,Hydropsychidae,Isonychiidae,Polymitarcyidae"
"42.8_-74.26334","2005-08-16",6.9,"Baetidae,Chironomidae,Corydalidae,Elmidae,Ephemerellidae,Heptageniidae,Hydropsychidae,Isonychiidae,Perlidae,Philopotamidae"
"42.8168_-75.01973","2008-08-06",6.2,"Athericidae,Baetidae,Cambaridae,Chironomidae,Elmidae,Empididae,Heptageniidae,Hydropsychidae,Leptophlebiidae,Perlidae,Philopotamidae,Psephenidae"
"42.82639_-75.46944","2014-07-29",6.81,"Baetidae,Cambaridae,Chironomidae,Elmidae,Glossosomatidae,Heptageniidae,Hydropsychidae,Leuctridae,Perlidae,Philopotamidae,Psephenidae,Tipulidae"
"42.83333_-74.65","1995-07-03",6.46,"Baetidae,Cambaridae,Chironomidae,Elmidae,Heptageniidae,Leptophlebiidae,Leuctridae,Perlidae,Philopotamidae,Psephenidae,Tipulidae"
"42.84583_-74.0125","2005-08-18",6.23,"Capniidae,Chironomidae,Corydalidae,Elmidae,Empididae,Glossosomatidae,Goeridae,Hydropsychidae,Perlidae,Psephenidae,Tipulidae"
"42.85417_-74.72916","1995-07-03",7.31,"Baetidae,Chironomidae,Curculionidae,Elmidae,Hydropsychidae,Leptohyphidae,Leptophlebiidae,Leuctridae,Nemouridae,Perlidae,Philopotamidae,Psephenidae,Tipulidae"
"42.86201_-76.1499","2011-09-02",6.84,"Aeshnidae,Athericidae,Baetidae,Chironomidae,Corydalidae,Dryopidae,Elmidae,Empididae,Hydropsychidae,Perlidae,Tipulidae"
"42.8669_-73.9022","2005-07-14",6.38,"Athericidae,Baetidae,Caenidae,Cambaridae,Chironomidae,Elmidae,Heptageniidae,Hydropsychidae,Isonychiidae,Perlidae,Philopotamidae,Psephenidae"
"42.87028_-73.90639","2010-07-29",6.24,"Aeshnidae,Amphipoda,Ancylidae,Athericidae,Baetidae,Chironomidae,Corydalidae,Elmidae,Hydropsychidae,OLIGOCHAETA,Polycentropodidae,Simuliidae,Tipulidae,Uenoidae"
"42.87667_-75.50457","2013-08-29",6.75,"Aeshnidae,Baetidae,Cambaridae,Chironomidae,Elmidae,Empididae,Hirudinea,Hydropsychidae,Lymnaeidae,Philopotamidae,Physidae,Psephenidae,Simuliidae,Tipulidae,Turbellaria"
"42.8948_-76.69725","2011-09-01",7.18,"Aeshnidae,Amphipoda,Athericidae,Baetidae,Calopterygidae,Chironomidae,Corydalidae,Elmidae,Helicopsychidae,Hydropsychidae,Tipulidae"
"42.89521_-74.470803","2015-09-02",6.35,"Aeshnidae,Amphipoda,Asellidae,Baetidae,Chironomidae,Elmidae,Hydropsychidae,Hydroptilidae,Leptophlebiidae,Lymnaeidae,Physidae,Psephenidae,Tipulidae"
"42.91794_-73.51395","2012-07-05",6.85,"Baetidae,Brachycentridae,Chironomidae,Elmidae,Ephemerellidae,Heptageniidae,Hydropsychidae,Hydroptilidae,Isonychiidae,Philopotamidae,Psychomyiidae,Simuliidae,Tipulidae"
"42.9223_-78.42397","2015-08-04",6.13,"Aeshnidae,Ancylidae,Athericidae,Baetidae,Caenidae,Calopterygidae,Cambaridae,Chironomidae,Corydalidae,Elmidae,Hydropsychidae,Philopotamidae,Psephenidae,Simuliidae,Tipulidae,Turbellaria"
"42.93278_-74.21611","2005-08-16",7.29,"Athericidae,Baetidae,Caenidae,Chironomidae,Elmidae,Empididae,Gomphidae,Heptageniidae,Hydropsychidae,Isonychiidae,Perlidae,Philopotamidae,Psephenidae"
"42.96167_-74.17333","2014-07-20",6.88,"Athericidae,Baetidae,Chironomidae,Corydalidae,Elmidae,Heptageniidae,Hydropsychidae,Isonychiidae,Perlidae,Philopotamidae,Psephenidae,Rhyacophilidae,Tipulidae"
"42.96886_-74.40778","2010-07-29",7.24,"Baetidae,Chironomidae,Chloroperlidae,Curculionidae,Dixidae,Dryopidae,Elmidae,Empididae,Hydropsychidae,Leuctridae,Perlidae,Philopotamidae,Simuliidae,Tipulidae"
"42.97_-73.87972","2005-09-21",6.71,"Athericidae,Baetidae,Chironomidae,Corydalidae,Elmidae,Heptageniidae,Isonychiidae,Perlidae,Philopotamidae,Psephenidae,Rhyacophilidae"
"42.97278_-74.84084","2005-08-16",6.02,"Aeshnidae,Chironomidae,Corydalidae,Elmidae,Empididae,Heptageniidae,Odontoceridae,Perlidae,Philopotamidae,Psephenidae,Tabanidae,Tipulidae"
"42.97583_-73.84834","2007-09-05",7.35,"Athericidae,Baetidae,Caenidae,Cambaridae,Chironomidae,Elmidae,Heptageniidae,Hydropsychidae,Isonychiidae,Perlidae,Philopotamidae,Psephenidae,Tipulidae"
"42.98047_-77.40939","2011-08-31",6.04,"Aeshnidae,Amphipoda,Athericidae,Baetidae,Chironomidae,Corydalidae,Dryopidae,Elmidae,Hydropsychidae,Psephenidae,Simuliidae,Tipulidae,Turbellaria"
"42.985_-73.38028","2012-07-05",6.16,"Amphipoda,Baetidae,Brachycentridae,Chironomidae,Elmidae,Ephemerellidae,Glossosomatidae,Perlidae,Tipulidae"
"42.99389_-74.12473","2005-08-16",6.12,"Aeshnidae,Baetidae,Cambaridae,Chironomidae,Corydalidae,Elmidae,Heptageniidae,Hydropsychidae,OLIGOCHAETA,Pelecypoda,Perlidae,Philopotamidae,Psephenidae,Psychomyiidae,Sialidae,Turbellaria"
"43.01557_-78.0802","2012-09-19",6.73,"Aeshnidae,Amphipoda,Athericidae,Baetidae,Chironomidae,Elmidae,Hydropsychidae,Pelecypoda,Simuliidae,Tipulidae,Turbellaria"
"43.01861_-73.82639","2012-07-24",6.91,"Athericidae,Baetidae,Chironomidae,Elmidae,Ephemerellidae,Glossosomatidae,Heptageniidae,Hydropsychidae,Isonychiidae,Odontoceridae,Philopotamidae,Psephenidae,Tipulidae"
"43.024833_-75.106771","2015-08-20",7.33,"Athericidae,Baetidae,Chironomidae,Elmidae,Glossosomatidae,Heptageniidae,Isonychiidae,Leuctridae,Perlidae,Philopotamidae,Psephenidae,Simuliidae,Turbellaria"
"43.0256_-74.5786","2005-08-16",6.93,"Chironomidae,Chloroperlidae,Elmidae,Gomphidae,Heptageniidae,Hydropsychidae,Leptophlebiidae,Pelecypoda,Peltoperlidae,Perlidae,Philopotamidae,Polycentropodidae,Psephenidae,Rhyacophilidae,Tipulidae"
"43.03028_-76.01334","1996-07-17",6.46,"Baetidae,Caenidae,Chironomidae,Elmidae,Heptageniidae,Hydropsychidae,Isonychiidae,Leptophlebiidae,Perlidae,Rhyacophilidae,Tipulidae"
"43.03417_-74.29889","2005-08-03",7.31,"Athericidae,Baetidae,Chironomidae,Chloroperlidae,Elmidae,Empididae,Heptageniidae,Hydropsychidae,Nemouridae,OLIGOCHAETA,Perlodidae,Philopotamidae,Rhyacophilidae,Simuliidae,Tipulidae"
"43.03583_-75.39028","2005-08-17",7.15,"Athericidae,Baetidae,Chironomidae,Elmidae,Empididae,Ephemerellidae,Isonychiidae,OLIGOCHAETA,Perlidae,Rhyacophilidae,Sialidae,Tipulidae"
"43.04975_-73.80416","2007-07-26",7.43,"Athericidae,Baetidae,Cambaridae,Chironomidae,Elmidae,Glossosomatidae,Leuctridae,OLIGOCHAETA,Pelecypoda,Perlidae,Rhyacophilidae,Tipulidae"
"43.05778_-74.76389","1996-08-14",7.02,"Athericidae,Baetidae,Chironomidae,Elmidae,Ephemerellidae,Heptageniidae,Hydropsychidae,Perlidae,Philopotamidae,Psephenidae,Rhyacophilidae,Tipulidae"
"43.06722_-74.06722","2005-08-16",5.28,"Aeshnidae,Ancylidae,Baetidae,Calopterygidae,Chironomidae,Corydalidae,Elmidae,Gomphidae,Heptageniidae,OLIGOCHAETA,Perlidae,Tabanidae,Tipulidae"
"43.0695_-73.82728","2007-07-26",6.74,"Aeshnidae,Baetidae,Cambaridae,Chironomidae,Chironomus,Elmidae,Empididae,Hydropsychidae,OLIGOCHAETA,Perlidae,Simuliidae,Tabanidae"
"43.0775_-73.34389","2001-09-06",6.61,"Athericidae,Baetidae,Chironomidae,Elmidae,Empididae,Glossosomatidae,Heptageniidae,Hydropsychidae,Isonychiidae,OLIGOCHAETA,Perlidae,Perlodidae,Philopotamidae,Rhyacophilidae"
"43.08861_-73.82639","2007-07-26",6.4,"Aeshnidae,Ancylidae,Baetidae,Chironomidae,Corydalidae,Elmidae,Glossosomatidae,Hirudinea,Hydropsychidae,OLIGOCHAETA,Philopotamidae,Psephenidae,Rhyacophilidae,Tipulidae"
"43.08883_-78.06738","2012-09-18",5.71,"Aeshnidae,Amphipoda,Athericidae,Calopterygidae,Chironomidae,Corydalidae,Elmidae,Hydropsychidae,Pelecypoda,Simuliidae,Tipulidae"
"43.09945_-74.70278","2005-08-16",5.86,"Aeshnidae,Chironomidae,Corydalidae,Elmidae,Hydropsychidae,Hydroptilidae,Isonychiidae,Perlidae,Philopotamidae,Rhyacophilidae,Simuliidae,Tipulidae,Turbellaria"
"43.10028_-73.84055","2007-07-26",5.73,"Chironomidae,Corydalidae,Elmidae,Glossosomatidae,Leuctridae,OLIGOCHAETA,Perlidae,Philopotamidae,Psephenidae,Pteronarcidae,Rhyacophilidae,Simuliidae,Tipulidae"
"43.1022_-73.81597","2007-07-26",6.96,"Chironomidae,Elmidae,Ephemerellidae,Hydropsychidae,Isonychiidae,Leuctridae,Perlidae,Philopotamidae,Psephenidae,Rhyacophilidae,Tipulidae"
"43.10222_-73.29972","2008-07-14",7.07,"Brachycentridae,Chironomidae,Elmidae,Empididae,Ephemerellidae,Leptophlebiidae,Leuctridae,OLIGOCHAETA,Perlidae,Philopotamidae,Physidae,Pteronarcidae,Tipulidae"
"43.1173_-73.2926","2012-07-05",7.27,"Baetidae,Brachycentridae,Chironomidae,Chloroperlidae,Elmidae,Ephemerellidae,Glossosomatidae,Heptageniidae,OLIGOCHAETA,Perlidae,Philopotamidae,Simuliidae,Tipulidae"
"43.1586_-74.4871","2010-07-28",6.91,"Aeshnidae,Chironomidae,Corydalidae,Elmidae,Ephemerellidae,Hydropsychidae,Lepidostomatidae,Leuctridae,Limnephilidae,Rhyacophilidae,Simuliidae,Tipulidae"
"43.18167_-74.35889","2001-08-01",7.32,"Baetidae,Chironomidae,Elmidae,Glossosomatidae,Heptageniidae,Perlidae,Philopotamidae,Rhyacophilidae,Tipulidae"
"43.1825_-73.72222","2007-07-10",6.9,"Ancylidae,Athericidae,Baetidae,Brachycentridae,Chironomidae,Elmidae,Glossosomatidae,Hydropsychidae,Perlidae,Psephenidae,Tipulidae"
"43.18722_-73.69889","2012-07-05",6.88,"Baetidae,Brachycentridae,Chironomidae,Elmidae,Hydropsychidae,Isonychiidae,Perlidae,Philopotamidae,Psephenidae,Rhyacophilidae,Simuliidae,Tipulidae"
"43.19083_-74.68056","2005-08-17",7.36,"Athericidae,Chironomidae,Chloroperlidae,Elmidae,Empididae,Heptageniidae,Hydropsychidae,Leptophlebiidae,Leuctridae,Peltoperlidae,Perlidae,Philopotamidae,Pteronarcidae,Rhyacophilidae,Simuliidae,Tipulidae"
"43.20861_-73.790895","2012-07-02",5.99,"Aeshnidae,Athericidae,Chironomidae,Corydalidae,Elmidae,Gyrinidae,Heptageniidae,Hydropsychidae,Leptophlebiidae,OLIGOCHAETA,Philopotamidae,Tipulidae"
"43.223606_-75.289404","2015-08-18",7.37,"Athericidae,Baetidae,Chironomidae,Corydalidae,Elmidae,Ephemerellidae,Helicopsychidae,Heptageniidae,Hydropsychidae,Isonychiidae,Perlidae,Philopotamidae,Psephenidae,Psychomyiidae,Rhyacophilidae,Tipulidae"
"43.22417_-75.80833","2006-07-26",6.77,"Aeshnidae,Chironomidae,Corydalidae,Elmidae,Empididae,Isonychiidae,OLIGOCHAETA,Perlidae,Philopotamidae,Psephenidae,Psychomyiidae,Tipulidae"
"43.23583_-73.62805","2012-07-05",5.74,"Athericidae,Baetidae,Brachycentridae,Chironomidae,Elmidae,Gomphidae,Hydropsychidae,Philopotamidae,Psephenidae,Tipulidae"
"43.24389_-73.83417","2006-07-12",6.73,"Brachycentridae,Chironomidae,Corydalidae,Elmidae,Glossosomatidae,Heptageniidae,Hydropsychidae,Isonychiidae,Leptophlebiidae,OLIGOCHAETA,Perlidae,Philopotamidae,Psephenidae"
"43.2514_-74.5165","2001-09-18",6.9,"Baetidae,Cambaridae,Chironomidae,Elmidae,Ephemerellidae,Heptageniidae,Hydropsychidae,Leptophlebiidae,OLIGOCHAETA,Perlidae,Philopotamidae,Sialidae,Simuliidae,Tipulidae"
"43.273_-76.035","2011-09-21",5.19,"Aeshnidae,Athericidae,Chironomidae,Corydalidae,Elmidae,Empididae,Heptageniidae,Hydropsychidae,Perlidae,Philopotamidae,Psephenidae,Ptilodactylidae,Tipulidae"
"43.28417_-75.17056","2000-08-22",6.81,"Baetidae,Chironomidae,Elmidae,Heptageniidae,Peltoperlidae,Perlidae,Philopotamidae,Psephenidae,Rhyacophilidae,Tipulidae"
"43.29028_-75.66417","2006-07-27",6.98,"Baetidae,Chironomidae,Corydalidae,Elmidae,Glossosomatidae,Isonychiidae,Lepidostomatidae,Leptophlebiidae,OLIGOCHAETA,Perlidae,Philopotamidae,Psephenidae,Tipulidae"
"43.30361_-75.46555","2005-08-16",6.84,"Baetidae,Caenidae,Chironomidae,Elmidae,Empididae,Ephemerellidae,Glossosomatidae,Hydroptilidae,Leptophlebiidae,Perlidae,Polycentropodidae,Psephenidae"
"43.30528_-74.94278","2005-08-17",6.86,"Aeshnidae,Athericidae,Baetidae,Chironomidae,Elmidae,Heptageniidae,Peltoperlidae,Perlidae,Rhyacophilidae,Simuliidae,Tipulidae,Turbellaria"
"43.33278_-73.65278","2001-09-05",7,"Aeshnidae,Amphipoda,Baetidae,Chironomidae,Chironomus,Corydalidae,Elmidae,Heptageniidae,Hirudinea,Hydropsychidae,OLIGOCHAETA,Perlidae"
"43.3717_-74.0854","2001-08-01",6.59,"Baetidae,Chironomidae,Chloroperlidae,Hydropsychidae,Lepidostomatidae,Leptophlebiidae,Leuctridae,Nemouridae,Polycentropodidae,Rhyacophilidae,Simuliidae,Tipulidae"
"43.3834_-73.6047","1999-09-23",5.62,"Baetidae,Brachycentridae,Chironomidae,Corydalidae,Elmidae,Hydropsychidae,Isonychiidae,Perlidae,Philopotamidae,Simuliidae,Tipulidae"
"43.39556_-74.86","2006-08-09",7.28,"Aeshnidae,Athericidae,Baetidae,Baetiscidae,Brachycentridae,Chironomidae,Corydalidae,Elmidae,Empididae,Gomphidae,Heptageniidae,Hydropsychidae,Leptohyphidae,Perlidae,Philopotamidae"
"43.405575_-73.577497","2013-08-13",6.69,"Aeshnidae,Amphipoda,Baetidae,Chironomidae,Coenagrionidae,Corydalidae,Elmidae,Hydropsychidae,Isonychiidae,Perlidae,Philopotamidae,Simuliidae,Tipulidae"
"43.41481_-75.17245","2007-09-25",7.44,"Baetidae,Chironomidae,Elmidae,Empididae,Ephemerellidae,Glossosomatidae,Hydropsychidae,Odontoceridae,Perlidae,Perlodidae,Rhyacophilidae,Simuliidae"
"43.41833_-73.71083","1999-09-22",7.23,"Baetidae,Chironomidae,Chloroperlidae,Elmidae,Ephemerellidae,OLIGOCHAETA,Perlodidae,Rhyacophilidae,Tipulidae"
"43.436_-75.89","2011-09-21",7.4,"Aeshnidae,Athericidae,Baetidae,Brachycentridae,Chironomidae,Corydalidae,Elmidae,Ephemerellidae,Gomphidae,Heptageniidae,Hydropsychidae,Isonychiidae,Perlidae,Philopotamidae,Psephenidae,Uenoidae"
"43.43639_-73.71917","2013-08-13",7.38,"Baetidae,Chironomidae,Corydalidae,Elmidae,OLIGOCHAETA,Perlidae,Perlodidae,Philopotamidae,Pteronarcidae,Rhyacophilidae,Simuliidae,Tipulidae"
"43.45067_-75.01492","2007-09-25",7.3,"Aeshnidae,Baetidae,Brachycentridae,Chironomidae,Corydalidae,Elmidae,Ephemerellidae,Heptageniidae,Hydropsychidae,Perlidae,Philopotamidae,Psephenidae,Pteronarcidae,Tipulidae,Turbellaria"
"43.45667_-75.00417","2014-08-01",5.65,"Aeshnidae,Cambaridae,Capniidae,Chironomidae,Cordulegastridae,Corydalidae,Elmidae,Ephemerellidae,Hydropsychidae,Hydroptilidae,Leuctridae,Simuliidae,Tipulidae"
"43.45917_-74.22833","2006-07-11",6.18,"Baetidae,Caenidae,Chironomidae,Elmidae,Empididae,Ephemerellidae,Heptageniidae,Leptophlebiidae,Perlidae,Philopotamidae"
"43.47167_-73.78361","2006-07-13",7.21,"Aeshnidae,Baetidae,Chironomidae,Corydalidae,Elmidae,Empididae,Gomphidae,Heptageniidae,Lepidostomatidae,Leptophlebiidae,OLIGOCHAETA,Perlidae,Philopotamidae,Pteronarcidae,Rhyacophilidae,Simuliidae,Tipulidae"
"43.482507_-73.694585","2013-08-13",6.8,"Baetidae,Chironomidae,Chloroperlidae,Elmidae,Ephemerellidae,Heptageniidae,Leuctridae,OLIGOCHAETA,Perlodidae,Philopotamidae,Psephenidae,Tipulidae"
"43.49123_-73.77068","2012-07-02",7.11,"Amphipoda,Baetidae,Brachycentridae,Chironomidae,Corydalidae,Elmidae,Ephemerellidae,Hydroptilidae,Leptoceridae,Leptohyphidae,OLIGOCHAETA,Perlidae,Philopotamidae,Polycentropodidae,Uenoidae"
"43.5014_-74.3108","2011-08-17",5.81,"Chironomidae,Chloroperlidae,Elmidae,Empididae,Gomphidae,Heptageniidae,Hydropsychidae,Leuctridae,OLIGOCHAETA,Perlodidae,Tipulidae"
"43.51194_-75.31944","2012-07-10",5.88,"Amphipoda,Baetidae,Brachycentridae,Chironomidae,Elmidae,Glossosomatidae,Heptageniidae,Perlidae,Philopotamidae,Psephenidae,Rhyacophilidae,Tipulidae"
"43.52194_-75.34528","2012-07-10",6.51,"Athericidae,Baetidae,Caenidae,Chironomidae,Elmidae,Hydropsychidae,Isonychiidae,Perlidae,Philopotamidae,Psephenidae,Rhyacophilidae,Tipulidae"
"43.53695_-73.66778","2003-08-21",7.28,"Baetidae,Brachycentridae,Chironomidae,Corydalidae,Elmidae,Glossosomatidae,Heptageniidae,Hydropsychidae,Hydroptilidae,OLIGOCHAETA,Pelecypoda,Perlidae,Philopotamidae,Pteronarcidae,Simuliidae,Tipulidae"
"43.54694_-76.04417","2015-07-22",6.57,"Athericidae,Baetidae,Brachycentridae,Chironomidae,Corydalidae,Elmidae,Heptageniidae,Perlidae,Psychomyiidae,Rhyacophilidae,Simuliidae"
"43.549348_-76.000029","2015-07-22",7.11,"Baetidae,Chironomidae,Elmidae,Heptageniidae,Isonychiidae,Lepidostomatidae,Leptophlebiidae,Perlidae,Philopotamidae,Psephenidae,Tipulidae"
"43.556_-73.992","2012-07-02",6.38,"Aeshnidae,Baetidae,Chironomidae,Nemouridae,OLIGOCHAETA,Philopotamidae,Pteronarcidae,Rhyacophilidae,Tipulidae"
"43.55986_-74.90392","2007-09-25",6.16,"Aeshnidae,Athericidae,Baetidae,Chironomidae,Chloroperlidae,Corydalidae,Elmidae,Ephemerellidae,Gomphidae,Heptageniidae,Hydropsychidae,OLIGOCHAETA,Philopotamidae,Rhyacophilidae,Simuliidae,Tipulidae"
"43.56306_-74.3075","2006-07-11",5.71,"Aeshnidae,Chironomidae,Corydalidae,Elmidae,Hydropsychidae,OLIGOCHAETA,Philopotamidae,Pteronarcidae,Simuliidae,Tipulidae"
"43.56667_-73.26195","2013-08-13",7.39,"Baetidae,Chironomidae,Elmidae,Ephemerellidae,Gomphidae,Heptageniidae,Hydropsychidae,Isonychiidae,Leptohyphidae,Perlidae,Psephenidae,Tipulidae"
"43.57028_-76.14083","2015-07-22",7,"Baetidae,Brachycentridae,Chironomidae,Elmidae,Ephemerellidae,Heptageniidae,Hydropsychidae,Isonychiidae,Perlidae,Physidae,Simuliidae"
"43.57539_-75.13558","2007-09-25",6.88,"Baetidae,Chironomidae,Chloroperlidae,Cordulegastridae,Corydalidae,Elmidae,Ephemerellidae,Heptageniidae,Hydropsychidae,Leptophlebiidae,Perlidae,Philopotamidae,Simuliidae,Tipulidae"
"43.5825_-74.40667","2006-07-11",5.83,"Baetidae,Brachycentridae,Caenidae,Chironomidae,Coenagrionidae,Elmidae,Empididae,Ephemerellidae,Gomphidae,Heptageniidae,Hydropsychidae,Isonychiidae,Leuctridae,Philopotamidae,Simuliidae"
"43.63667_-75.30139","2014-07-31",6.26,"Aeshnidae,Baetidae,Brachycentridae,Chironomidae,Elmidae,Ephemerellidae,Goeridae,Leuctridae,Nemouridae,Perlodidae,Rhyacophilidae,Simuliidae,Tipulidae"
"43.6425_-74.95472","2012-07-10",6.8,"Ancylidae,Baetidae,Baetiscidae,Brachycentridae,Chironomidae,Corydalidae,Elmidae,Ephemerellidae,Hydropsychidae,Isonychiidae,Leptoceridae,Leptohyphidae,Leptophlebiidae,Perlidae,Philopotamidae"
"43.64917_-74.68833","2004-08-11",6.54,"Cambaridae,Capniidae,Chironomidae,Elmidae,Ephemerellidae,Gomphidae,Leuctridae,OLIGOCHAETA,Philopotamidae,Polycentropodidae,Rhyacophilidae,Tipulidae,Turbellaria"
"43.65583_-74.67555","2014-08-10",6.21,"Aeshnidae,Baetidae,Chironomidae,Chloroperlidae,Cordulegastridae,Elmidae,Gomphidae,Heptageniidae,Leuctridae,Rhyacophilidae,Simuliidae,Tipulidae"
"43.66228_-74.94861","2007-09-25",7.01,"Aeshnidae,Ancylidae,Baetidae,Chironomidae,Corydalidae,Elmidae,Empididae,Glossosomatidae,Gomphidae,Heptageniidae,Hydropsychidae,Perlidae,Philopotamidae,Psephenidae,Rhyacophilidae"
"43.6797_-75.3819","2002-08-27",7.08,"Athericidae,Baetidae,Chironomidae,Chloroperlidae,Corydalidae,Elmidae,Empididae,Heptageniidae,OLIGOCHAETA,Peltoperlidae,Philopotamidae,Tipulidae"
"43.6987_-76.02888","2015-07-22",7.23,"Baetidae,Cambaridae,Chironomidae,Corydalidae,Elmidae,Gomphidae,Heptageniidae,Hydropsychidae,Leuctridae,Perlidae,Philopotamidae,Psephenidae,Pteronarcidae,Tipulidae"
"43.7025_-74.596388","2014-08-10",6.49,"Aeshnidae,Cambaridae,Capniidae,Chironomidae,Empididae,Heptageniidae,Hydropsychidae,Leuctridae,Perlodidae,Polycentropodidae,Rhyacophilidae,Simuliidae,Tipulidae"
"43.71979_-74.064","2011-08-17",6.89,"Baetidae,Chironomidae,Empididae,Ephemerellidae,Glossosomatidae,Gomphidae,Heptageniidae,Lepidostomatidae,Nemouridae,Philopotamidae,Pteronarcidae,Rhyacophilidae,Tipulidae"
"43.73064_-74.88431","2007-09-26",6.82,"Aeshnidae,Baetidae,Cambaridae,Chironomidae,Corydalidae,Elmidae,Heptageniidae,Lepidostomatidae,Perlidae,Philopotamidae,Psephenidae,Simuliidae,Tipulidae"
"43.7389_-74.7222","2013-08-07",7.21,"Chironomidae,Chloroperlidae,Elmidae,Ephemerellidae,Heptageniidae,Hydropsychidae,Leuctridae,OLIGOCHAETA,Perlodidae,Philopotamidae,Polycentropodidae,Rhyacophilidae,Tipulidae"
"43.74167_-73.51639","1996-08-06",7.44,"Baetidae,Capniidae,Chironomidae,Chloroperlidae,Elmidae,Gomphidae,Heptageniidae,Hydropsychidae,Peltoperlidae,Perlidae,Philopotamidae,Psephenidae,Pteronarcidae,Rhyacophilidae,Simuliidae"
"43.77886_-73.91409","2011-08-18",7.33,"Baetidae,Chironomidae,Chloroperlidae,Elmidae,Empididae,Ephemerellidae,Gomphidae,Heptageniidae,Leptophlebiidae,Limnephilidae,Nemouridae,OLIGOCHAETA,Rhyacophilidae,Tabanidae,Tipulidae"
"43.79361_-75.31917","2014-07-30",7.46,"Baetidae,Chironomidae,Chloroperlidae,Cordulegastridae,Elmidae,Empididae,Ephemerellidae,Heptageniidae,Hydropsychidae,Leuctridae,Perlodidae,Philopotamidae,Pteronarcidae,Rhyacophilidae,Tipulidae"
"43.80312_-75.742883","2012-07-11",6.72,"Athericidae,Baetidae,Chironomidae,Corydalidae,Elmidae,Heptageniidae,Isonychiidae,Perlidae,Philopotamidae,Psephenidae,Rhyacophilidae"
"43.81034_-76.03504","2012-07-11",5.3,"Baetidae,Brachycentridae,Chironomidae,Elmidae,Hydropsychidae,Perlidae,Philopotamidae,Psephenidae,Rhyacophilidae,Tipulidae"
"43.81306_-74.21028","2006-08-17",6.64,"Baetidae,Brachycentridae,Chironomidae,Gomphidae,Hydropsychidae,Isonychiidae,OLIGOCHAETA,Pelecypoda,Perlidae,Philopotamidae,Rhyacophilidae,Tipulidae"
"43.81556_-75.99556","2012-07-12",5.93,"Athericidae,Baetidae,Brachycentridae,Chironomidae,Elmidae,Ephemerellidae,Hydropsychidae,OLIGOCHAETA,Philopotamidae,Potamanthidae,Psephenidae,Rhyacophilidae"
"43.81611_-74.2075","2002-09-04",6.66,"Ancylidae,Baetidae,Chironomidae,Elmidae,Glossosomatidae,Heptageniidae,Hydropsychidae,Isonychiidae,OLIGOCHAETA,Pelecypoda,Perlidae,Philopotamidae,Psephenidae"
"43.82947_-75.25347","2007-09-26",6.15,"Aeshnidae,Chironomidae,Elmidae,Gomphidae,Heptageniidae,Hydropsychidae,Isonychiidae,Leptophlebiidae,Perlidae,Philopotamidae,Psephenidae,Sialidae,Tipulidae"
"43.83306_-75.94917","1997-08-20",6.15,"Ancylidae,Athericidae,Brachycentridae,Chironomidae,Empididae,Ephemerellidae,Gomphidae,Heptageniidae,Hydropsychidae,Leptophlebiidae,Polycentropodidae,Psephenidae,Tipulidae,Turbellaria"
"43.8336_-75.9492","1997-08-20",7.04,"Aeshnidae,Baetidae,Chironomidae,Elmidae,Empididae,Helicopsychidae,Heptageniidae,Hydropsychidae,Isonychiidae,Perlidae,Philopotamidae,Psephenidae,Tipulidae"
"43.83694_-73.77444","2006-07-12",7.32,"Aeshnidae,Athericidae,Baetidae,Chironomidae,Cordulegastridae,Corydalidae,Elmidae,Empididae,Ephemerellidae,Glossosomatidae,Gomphidae,Heptageniidae,Hydropsychidae,Leptoceridae,Limnephilidae,Perlidae,Psephenidae,Tipulidae"
"43.844432_-75.970988","2013-08-21",7.3,"Baetidae,Brachycentridae,Caenidae,Chironomidae,Elmidae,Hydropsychidae,Leptohyphidae,Odontoceridae,OLIGOCHAETA,Perlidae,Philopotamidae,Tipulidae"
"43.85081_-74.9978","2007-09-26",6.18,"Aeshnidae,Chironomidae,Corydalidae,Elmidae,Empididae,Hydropsychidae,Polycentropodidae,Tipulidae"
"43.857407_-73.447807","2013-08-13",7.06,"Baetidae,Chironomidae,Elmidae,Hydropsychidae,Hydroptilidae,Leuctridae,Perlodidae,Philopotamidae,Pteronarcidae,Simuliidae,Tipulidae"
"43.86083_-75.14","2014-07-30",6.84,"Aeshnidae,Baetidae,Cambaridae,Capniidae,Chironomidae,Chloroperlidae,Cordulegastridae,Elmidae,Ephemerellidae,Gomphidae,Heptageniidae,Hydropsychidae,Leuctridae,Rhyacophilidae,Simuliidae,Tipulidae"
"43.86745_-74.43266","2011-08-17",7.44,"Chironomidae,Chloroperlidae,Cordulegastridae,Empididae,Ephemerellidae,Hydropsychidae,Lepidostomatidae,Leuctridae,Limnephilidae,OLIGOCHAETA,Perlodidae,Philopotamidae,Rhyacophilidae,Simuliidae,Tabanidae,Tipulidae"
"43.87746_-73.88422","2011-08-18",6.85,"Capniidae,Chironomidae,Chloroperlidae,Elmidae,Ephemerellidae,Hydropsychidae,Lepidostomatidae,Leuctridae,Odontoceridae,OLIGOCHAETA,Perlodidae,Rhyacophilidae,Tabanidae,Tipulidae"
"43.88611_-75.4475","2002-08-28",6.96,"Aeshnidae,Amphipoda,Ancylidae,Asellidae,Baetidae,Chironomidae,Corydalidae,Elmidae,Empididae,Heptageniidae,Hydropsychidae,Philopotamidae,Simuliidae,Tipulidae"
"43.89222_-75.67278","2012-07-11",6.71,"Athericidae,Baetidae,Chironomidae,Elmidae,Ephemerellidae,Heptageniidae,Isonychiidae,Leptoceridae,Peltoperlidae,Perlidae,Philopotamidae,Psephenidae,Tipulidae"
"43.89944_-73.74889","2001-09-18",7.22,"Athericidae,Baetidae,Chironomidae,Corydalidae,Elmidae,Isonychiidae,Limnephilidae,OLIGOCHAETA,Perlidae,Philopotamidae,Simuliidae,Tipulidae"
"43.90889_-75.37139","2002-08-28",7.13,"Ancylidae,Athericidae,Baetidae,Brachycentridae,Chironomidae,Elmidae,Glossosomatidae,Heptageniidae,Hydropsychidae,Isonychiidae,Perlidae,Psephenidae,Simuliidae,Tipulidae"
"43.95056_-73.45778","2013-08-14",7.25,"Ancylidae,Athericidae,Baetidae,Chironomidae,Elmidae,Glossosomatidae,Heptageniidae,Isonychiidae,OLIGOCHAETA,Perlidae,Tipulidae"
"43.95167_-75.28194","2014-07-30",7.4,"Baetidae,Chironomidae,Chloroperlidae,Ephemerellidae,Heptageniidae,Hydropsychidae,Pelecypoda,Perlodidae,Philopotamidae,Tipulidae,Uenoidae"
"43.97806_-74.33667","2001-07-31",7.34,"Athericidae,Baetidae,Chironomidae,Corydalidae,Elmidae,Heptageniidae,Hydropsychidae,Isonychiidae,Leuctridae,Perlidae,Philopotamidae,Tipulidae"
"43.991823_-75.177893","2014-07-21",7.07,"Baetidae,Brachycentridae,Chironomidae,Elmidae,Empididae,Ephemerellidae,Hydropsychidae,Leuctridae,OLIGOCHAETA,Perlidae,Philopotamidae,Rhyacophilidae,Simuliidae,Tipulidae"
"44.001389_-73.721389","2012-07-25",5.9,"Chironomidae,Dixidae,Elmidae,Gomphidae,Lepidostomatidae,Leptophlebiidae,Leuctridae,OLIGOCHAETA,Pteronarcidae,Tipulidae"
"44.10118_-73.44846","2008-07-24",6.92,"Ancylidae,Chironomidae,Chloroperlidae,Elmidae,Empididae,Ephemerellidae,Glossosomatidae,Goeridae,Hydropsychidae,OLIGOCHAETA,Perlidae,Philopotamidae,Rhyacophilidae,Simuliidae,Tipulidae,Uenoidae"
"44.11667_-75.32472","2004-08-25",6.96,"Aeshnidae,Chironomidae,Chloroperlidae,Elmidae,Ephemerellidae,Gomphidae,Hydropsychidae,Leuctridae,Limnephilidae,Odontoceridae,OLIGOCHAETA,Rhyacophilidae,Tabanidae,Tipulidae"
"44.13639_-75.70722","2005-08-10",6.81,"Athericidae,Chironomidae,Elmidae,Ephemerellidae,Glossosomatidae,Hydropsychidae,Hydroptilidae,Isonychiidae,Philopotamidae,Rhyacophilidae,Simuliidae,Tipulidae"
"44.150418_-75.1102","2014-07-21",7.47,"Aeshnidae,Baetidae,Brachycentridae,Chironomidae,Chloroperlidae,Cordulegastridae,Elmidae,Ephemerellidae,Hydropsychidae,Leptophlebiidae,Leuctridae,Nemouridae,OLIGOCHAETA,Simuliidae,Tabanidae,Tipulidae"
"44.161111_-73.811667","2012-07-24",7.04,"Baetidae,Chironomidae,Chloroperlidae,Elmidae,Ephemerellidae,Hydropsychidae,Lepidostomatidae,Leuctridae,Philopotamidae,Rhyacophilidae,Tipulidae,Uenoidae"
"44.174475_-73.650149","2013-08-14",7.23,"Athericidae,Baetidae,Chironomidae,Chloroperlidae,Ephemerellidae,Glossosomatidae,Heptageniidae,Perlidae,Philopotamidae,Pteronarcidae,Simuliidae,Tipulidae"
"44.178333_-73.732778","2012-07-23",5.24,"Chironomidae,Empididae,Lepidostomatidae,Leuctridae,Rhyacophilidae,Tipulidae,Uenoidae"
"44.181666_-75.078055","2014-07-28",6.47,"Chironomidae,Chloroperlidae,Elmidae,Empididae,Ephemerellidae,Hydropsychidae,Lepidostomatidae,Leuctridae,Rhyacophilidae,Tipulidae"
"44.19305_-75.06889","1997-07-15",7.28,"Baetidae,Brachycentridae,Chironomidae,Elmidae,Heptageniidae,Isonychiidae,Leptophlebiidae,Leuctridae,Perlidae,Philopotamidae,Rhyacophilidae,Sialidae,Simuliidae"
"44.19417_-74.82278","2014-07-16",6.51,"Cambaridae,Chironomidae,Chloroperlidae,Hydropsychidae,Leuctridae,Nemouridae,Odontoceridae,OLIGOCHAETA,Philopotamidae,Rhyacophilidae,Sialidae,Simuliidae,Tabanidae,Tipulidae"
"44.199722_-74.845833","2014-07-16",6.43,"Chironomidae,Empididae,Ephemerellidae,Lepidostomatidae,Leuctridae,Nemouridae,Pelecypoda,Philopotamidae,Polycentropodidae,Rhyacophilidae,Sialidae,Simuliidae,Tipulidae"
"44.21194_-75.12556","2014-07-29",5.65,"Aeshnidae,Baetidae,Calopterygidae,Chironomidae,Elmidae,Hydropsychidae,Leptophlebiidae,Pelecypoda,Philopotamidae,Simuliidae,Tipulidae"
"44.22129_-73.78608","2008-07-23",7.48,"Baetidae,Baetiscidae,Brachycentridae,Chironomidae,Corydalidae,Elmidae,Empididae,Ephemerellidae,Glossosomatidae,Gomphidae,Hydropsychidae,Odontoceridae,OLIGOCHAETA,Perlidae,Psephenidae,Pteronarcidae,Simuliidae,Tipulidae"
"44.22583_-75.04583","2014-07-29",7.39,"Baetidae,Chironomidae,Chloroperlidae,Elmidae,Ephemerellidae,Gomphidae,Heptageniidae,Hydropsychidae,Leptophlebiidae,Leuctridae,Pelecypoda,Philopotamidae,Psephenidae,Simuliidae,Tipulidae,Uenoidae"
"44.23364_-73.38268","2008-07-24",5.81,"Cambaridae,Chironomidae,Elmidae,Hydropsychidae,Lepidostomatidae,Limnephilidae,Odontoceridae,OLIGOCHAETA,Perlidae,Philopotamidae,Psephenidae,Tabanidae,Tipulidae"
"44.267737_-73.550748","2013-08-14",6.8,"Aeshnidae,Athericidae,Chironomidae,Cordulegastridae,Elmidae,Gomphidae,Hydropsychidae,Perlidae,Philopotamidae,Simuliidae,Tipulidae"
"44.271182_-73.961535","2013-08-14",7.12,"Ancylidae,Baetidae,Chironomidae,Elmidae,Ephemerellidae,Gomphidae,Heptageniidae,Hydroptilidae,Isonychiidae,OLIGOCHAETA,Perlidae,Philopotamidae,Psephenidae,Simuliidae"
"44.27389_-75.39139","2015-09-23",5.8,"Aeshnidae,Baetidae,Cambaridae,Chironomidae,Elmidae,Hydropsychidae,Philopotamidae,Rhyacophilidae,Simuliidae,Tipulidae"
"44.27611_-73.93777","2003-08-20",7.01,"Athericidae,Baetidae,Brachycentridae,Chironomidae,Elmidae,Ephemerellidae,Hydropsychidae,Isonychiidae,Perlidae,Philopotamidae,Psephenidae,Rhyacophilidae"
"44.29463_-74.062837","2013-08-14",5.35,"Aeshnidae,Chironomidae,Corydalidae,Elmidae,Hydropsychidae,OLIGOCHAETA,Perlidae,Philopotamidae,Simuliidae,Tabanidae,Tipulidae"
"44.380737_-75.189258","2014-07-22",7.29,"Aeshnidae,Baetidae,Calopterygidae,Chironomidae,Corydalidae,Dryopidae,Elmidae,Ephemerellidae,Gomphidae,Heptageniidae,Hydropsychidae,Leptophlebiidae,OLIGOCHAETA,Polycentropodidae,Psephenidae,Psychomyiidae,Ptilodactylidae,Simuliidae,Tabanidae,Tipulidae"
"44.41785_-73.8672","2011-08-12",5.37,"Chironomidae,Chloroperlidae,Empididae,Hydropsychidae,Lepidostomatidae,Limnephilidae,Nemouridae,Perlodidae,Tipulidae,Turbellaria"
"44.41817_-73.67925","2008-07-23",7.08,"Athericidae,Brachycentridae,Chironomidae,Elmidae,Ephemerellidae,Gomphidae,Hydropsychidae,Leptoceridae,Leptohyphidae,Perlidae,Tipulidae"
"44.44932_-73.65454","2008-08-28",7.23,"Athericidae,Baetidae,Brachycentridae,Chironomidae,Elmidae,Ephemerellidae,Heptageniidae,Hydropsychidae,Lepidostomatidae,OLIGOCHAETA,Philopotamidae,Rhyacophilidae"
"44.47639_-73.42917","2008-08-19",7.4,"Athericidae,Baetidae,Chironomidae,Chloroperlidae,Elmidae,Goeridae,Hydropsychidae,Leuctridae,Odontoceridae,OLIGOCHAETA,Perlidae,Perlodidae,Polycentropodidae,Psephenidae,Pteronarcidae,Simuliidae,Tipulidae,Uenoidae"
"44.48221_-73.5564","2008-07-23",6.85,"Aeshnidae,Baetidae,Brachycentridae,Chironomidae,Elmidae,Ephemerellidae,Gyrinidae,Hydrophilidae,Isonychiidae,Leptohyphidae,OLIGOCHAETA,Tipulidae"
"44.48472_-75.25723","2004-07-20",7.39,"Baetidae,Chironomidae,Corydalidae,Elmidae,Ephemerellidae,Helicopsychidae,Heptageniidae,Hydropsychidae,Isonychiidae,Odontoceridae,OLIGOCHAETA,Perlidae,Philopotamidae,Psephenidae"
"44.50056_-75.05167","2015-09-22",6.13,"Aeshnidae,Athericidae,Chironomidae,Corydalidae,Elmidae,Ephemerellidae,Heptageniidae,Hydropsychidae,Leptophlebiidae,Perlidae,Philopotamidae,Psephenidae,Turbellaria"
"44.57322_-73.55127","2008-07-22",5.68,"Aeshnidae,Ancylidae,Baetidae,Calopterygidae,Chironomidae,Elmidae,Hydropsychidae,OLIGOCHAETA,Pelecypoda,Perlidae,Psephenidae,Simuliidae,Tabanidae,Tipulidae,Turbellaria"
"44.58917_-75.32139","1997-07-15",7.07,"Baetidae,Brachycentridae,Chironomidae,Elmidae,Ephemerellidae,Heptageniidae,Hydropsychidae,Lepidostomatidae,Pelecypoda,Perlidae,Philopotamidae,Physidae,Psephenidae,Simuliidae"
"44.60094_-73.66999","2003-08-19",7.24,"Baetidae,Chironomidae,Corydalidae,Elmidae,Ephemerellidae,Gomphidae,Heptageniidae,Hydroptilidae,Isonychiidae,Leptohyphidae,Philopotamidae,Tipulidae,Uenoidae"
"44.63722_-73.77028","2008-07-22",7.29,"Baetidae,Chironomidae,Elmidae,Ephemerellidae,Goeridae,Gomphidae,Heptageniidae,Isonychiidae,Lepidostomatidae,Perlidae,Phryganeidae,Rhyacophilidae,Simuliidae"
"44.65278_-74.97111","2015-09-22",6.31,"Athericidae,Brachycentridae,Chironomidae,Corydalidae,Elmidae,Ephemerellidae,Heptageniidae,Hydropsychidae,Leptoceridae,Philopotamidae,Psephenidae,Tipulidae"
"44.67302_-73.72733","2003-08-19",7.17,"Baetidae,Chironomidae,Elmidae,Glossosomatidae,OLIGOCHAETA,Peltoperlidae,Perlidae,Philopotamidae,Psephenidae,Rhyacophilidae,Simuliidae,Tipulidae"
"44.70417_-74.72528","2004-07-22",7.39,"Baetidae,Brachycentridae,Caenidae,Chironomidae,Corydalidae,Elmidae,Ephemerellidae,Isonychiidae,OLIGOCHAETA,Perlidae,Philopotamidae,Psephenidae"
"44.715318_-74.546168","2014-07-22",7.1,"Baetidae,Brachycentridae,Chironomidae,Corydalidae,Elmidae,Ephemerellidae,Glossosomatidae,Heptageniidae,Leptoceridae,Leptohyphidae,Pelecypoda,Perlidae,Philopotamidae,Psephenidae,Tipulidae"
"44.71878_-73.89909","2009-08-04",6.8,"Baetidae,Chironomidae,Chloroperlidae,Ephemerellidae,Heptageniidae,Leuctridae,OLIGOCHAETA,Perlodidae,Philopotamidae,Rhyacophilidae,Tabanidae,Tipulidae,Turbellaria"
"44.7827_-73.76634","2008-08-19",7.24,"Athericidae,Baetidae,Brachycentridae,Chironomidae,Elmidae,Heptageniidae,Hydropsychidae,OLIGOCHAETA,Perlidae,Philopotamidae,Psephenidae,Rhyacophilidae"
"44.78611_-74.81528","2014-07-22",7.06,"Baetidae,Chironomidae,Elmidae,Ephemerellidae,Glossosomatidae,Heptageniidae,Hydropsychidae,Isonychiidae,Lepidostomatidae,Perlidae,Philopotamidae,Psephenidae,Simuliidae"
"44.80444_-73.51861","2003-08-19",7.28,"Baetidae,Chironomidae,Elmidae,Helicopsychidae,Isonychiidae,Odontoceridae,Philopotamidae,Psephenidae,Rhyacophilidae,Simuliidae,Tipulidae"
"44.83889_-74.59611","2005-08-09",7.01,"Baetidae,Brachycentridae,Chironomidae,Elmidae,Ephemerellidae,Heptageniidae,Hydropsychidae,Hydroptilidae,Limnephilidae,Perlidae,Philopotamidae,Rhyacophilidae"
"44.89889_-75.01667","2014-07-22",7.25,"Baetidae,Brachycentridae,Caenidae,Chironomidae,Elmidae,Ephemerellidae,Hydropsychidae,Isonychiidae,Philopotamidae,Rhyacophilidae,Simuliidae"
"44.933833_-74.400828","2014-07-22",6.56,"Aeshnidae,Ancylidae,Athericidae,Baetidae,Brachycentridae,Caenidae,Cambaridae,Chironomidae,Corydalidae,Elmidae,Ephemerellidae,Hydrophilidae,Psephenidae,Tipulidae"
"44.95702_-73.6433","2009-08-18",7.45,"Baetidae,Brachycentridae,Chironomidae,Elmidae,Ephemerellidae,Heptageniidae,Hydropsychidae,Leptohyphidae,Leptophlebiidae,Odontoceridae,Perlidae,Pteronarcidae,Rhyacophilidae,Tipulidae"
"44.96695_-74.51195","2015-09-21",7.37,"Baetidae,Chironomidae,Elmidae,Ephemerellidae,Helicopsychidae,Heptageniidae,Hydropsychidae,Isonychiidae,Leptohyphidae,Pelecypoda,Perlidae,Philopotamidae,Turbellaria"
"44.9736_-74.6648","2009-09-16",7.48,"Baetidae,Chironomidae,Elmidae,Empididae,Ephemerellidae,Heptageniidae,Hydropsychidae,Lepidostomatidae,Leptoceridae,OLIGOCHAETA,Perlidae,Philopotamidae,Psephenidae,Turbellaria"
